
{
    "thanks": "TY to csgodatabase.com for the image hosting xoxo",
    "ratity_colors": "white 1-15 | blue 16-28 | pink 29-38 | red 39-44 | gold 45-46",
    "data": [
        {
            "id": 1,
            "rarity": "Industrial",
            "rarity_color": "white", 
            "name": "AK-47 | Baroque Purple",
            "price": "3.42",
            "price_sign": null,
            "currency": null,
            "image": "https://www.csgodatabase.com/images/skins/webp/AK-47_Baroque_Purple.webp",
            "local_image": "./images/AK-47_Baroque_Purple.png"
        },
        {
            "id": 2,
            "rarity": "Industrial",
            "rarity_color": "white",
            "name": "AUG | Radiation Hazard",
            "price": "1.23",
            "price_sign": null,
            "currency": null,
            "image": "https://www.csgodatabase.com/images/skins/webp/AUG_Radiation_Hazard.webp",
            "local_image": "./images/AUG_Radiation_Hazard.png"
        },
        {
            "id": 3,
            "rarity": "Industrial",
            "rarity_color": "white",
            "name": "AWP | Safari Mesh",
            "price": "2.26",
            "price_sign": null,
            "currency": null,
            "image": "https://www.csgodatabase.com/images/skins/webp/AWP_Safari_Mesh.webp",
            "local_image": "./images/AWP_Safari_Mesh.png"
        },
        {
            "id": 4,
            "rarity": "Industrial",
            "rarity_color": "white",
            "name": "CZ75-Auto | Midnight Palm",
            "price": "0.56",
            "price_sign": null,
            "currency": null,
            "image": "https://www.csgodatabase.com/images/skins/webp/CZ75-Auto_Midnight_Palm.webp",
            "local_image": "./images/CZ75-Auto_Midnight_Palm.png"
        },
        {
            "id": 5,
            "rarity": "Industrial",
            "rarity_color": "white",
            "name": "Desert Eagle | The Bronze",
            "price": "0.47",
            "price_sign": null,
            "currency": null,
            "image": "https://www.csgodatabase.com/images/skins/webp/Desert_Eagle_The_Bronze.webp",
            "local_image": "./images/Desert_Eagle_The_Bronze.png"
        },
        {
            "id": 6,
            "rarity": "Industrial",
            "rarity_color": "white",
            "name": "Dual Berettas | Drift Wood",
            "price": "0.69",
            "price_sign": null,
            "currency": null,
            "image": "https://www.csgodatabase.com/images/skins/webp/Dual_Berettas_Drift_Wood.webp",
            "local_image": "./images/Dual_Berettas_Drift_Wood.png"
        },
        {
            "id": 7,
            "rarity": "Industrial",
            "rarity_color": "white",
            "name": "FAMAS | CaliCamo",
            "price": "0.53",
            "price_sign": null,
            "currency": null,
            "image": "https://www.csgodatabase.com/images/skins/webp/FAMAS_CaliCamo.webp",
            "local_image": "./images/FAMAS_CaliCamo.png"
        },
        {
            "id": 8,
            "rarity": "Industrial",
            "rarity_color": "white",
            "name": "Five-SeveN | Hot Shot",
            "price": "0.98",
            "price_sign": null,
            "currency": null,
            "image": "https://www.csgodatabase.com/images/skins/webp/Five-SeveN_Hot_Shot.webp",
            "local_image": "./images/Five-Seven_Hot_Shot.png"
        },
        {
            "id": 9,
            "rarity": "Industrial",
            "rarity_color": "white",
            "name": "G3SG1 | Green Apple",
            "price": "0.24",
            "price_sign": null,
            "currency": null,
            "image": "https://www.csgodatabase.com/images/skins/webp/G3SG1_Green_Apple.webp",
            "local_image": "./images/G3SG1_Green_Apple.png"
        },
        {
            "id": 10,
            "rarity": "Industrial",
            "rarity_color": "white",
            "name": "Galil AR | Cold Fusion",
            "price": "0.15",
            "price_sign": null,
            "currency": null,
            "image": "https://www.csgodatabase.com/images/skins/webp/Galil_AR_Cold_Fusion.webp",
            "local_image": "./images/Galil_AR_Cold_Fusion.png"
        },
        {
            "id": 11,
            "rarity": "Industrial",
            "rarity_color": "white",
            "name": "Glock-18 | High Beam",
            "price": "0.20",
            "price_sign": null,
            "currency": null,
            "image": "https://www.csgodatabase.com/images/skins/webp/Glock-18_High_Beam.webp",
            "local_image": "./images/Glock-18_High_Beamn.png"
        },
        {
            "id": 12,
            "rarity": "Industrial",
            "rarity_color": "white",
            "name": "M249 | Gator Mesh",
            "price": "0.19",
            "price_sign": null,
            "currency": null,
            "image": "https://www.csgodatabase.com/images/skins/webp/M249_Gator_Mesh.webp",
            "local_image": "./images/M249_Gator_Mesh.png"
        },
        {
            "id": 13,
            "rarity": "Industrial",
            "rarity_color": "white",
            "name": "M4A4 | Mainframe",
            "price": "0.15",
            "price_sign": null,
            "currency": null,
            "image": "https://www.csgodatabase.com/images/skins/webp/M4A4_Mainframe.webp",
            "local_image": "./images/M4A4_Mainframe.png"
        },
        {
            "id": 14,
            "rarity": "Industrial",
            "rarity_color": "white",
            "name": "MAC-10 | Candy Apple",
            "price": "0.28",
            "price_sign": null,
            "currency": null,
            "image": "https://www.csgodatabase.com/images/skins/webp/MAC-10_Candy_Apple.webp",
            "local_image": "./images/MAC-10_Candy_Apple.png"
        },
        {
            "id": 15,
            "rarity": "Industrial",
            "rarity_color": "white",
            "name": "MAG-7 | Metallic DDPAT",
            "price": "0.26",
            "price_sign": null,
            "currency": null,
            "image": "https://www.csgodatabase.com/images/skins/webp/MAG-7_Metallic_DDPAT.webp",
            "local_image": "./images/MAG-7_Metallic_DDPAT.png"
        },
        {
            "id": 16,
            "rarity": "Mil-spec",
            "rarity_color": "blue",
            "name": "AK-47 | Uncharted",
            "price": "1.49",
            "price_sign": null,
            "currency": null,
            "image": "https://www.csgodatabase.com/images/skins/webp/AK-47_Uncharted.webp",
            "local_image": "./images/AK-47_Uncharted.png"
        },
        {
            "id": 17,
            "rarity": "Mil-spec",
            "rarity_color": "blue",
            "name": "AUG | Tom Cat",
            "price": "0.24",
            "price_sign": null,
            "currency": null,
            "image": "https://www.csgodatabase.com/images/skins/webp/AUG_Tom_Cat.webp",
            "local_image": "./images/AUG_Tom_Cat.png"
        },
        {
            "id": 18,
            "rarity": "Mil-spec",
            "rarity_color": "blue",
            "name": "CZ75-Auto | Tuxedo",
            "price": "1.54",
            "price_sign": null,
            "currency": null,
            "image": "https://www.csgodatabase.com/images/skins/webp/CZ75-Auto_Tuxedo.webp",
            "local_image": "./images/CZ75-Auto_Tuxedo.png"
        },
        {
            "id": 19,
            "rarity": "Mil-spec",
            "rarity_color": "blue",
            "name": "Desert Eagle | Blue Ply",
            "price": "0.80",
            "price_sign": null,
            "currency": null,
            "image": "https://www.csgodatabase.com/images/skins/webp/Desert_Eagle_Blue_Ply.webp",
            "local_image": "./images/Desert_Eagle_ Blue_Ply.png"
        },
        {
            "id": 20,
            "rarity": "Mil-spec",
            "rarity_color": "blue",
            "name": "Five-SeveN | Violent Daimyo",
            "price": "0.35",
            "price_sign": null,
            "currency": null,
            "image": "https://www.csgodatabase.com/images/skins/webp/Five-SeveN_Violent_Daimyo.webp",
            "local_image": "./images/Five-SeveN_Violent_Daimyo.png"
        },
        {
            "id": 21,
            "rarity": "Mil-spec",
            "rarity_color": "blue",
            "name": "G3SG1 | Hunter",
            "price": "0.24",
            "price_sign": null,
            "currency": null,
            "image": "https://www.csgodatabase.com/images/skins/webp/G3SG1_Hunter.webp",
            "local_image": "./images/G3SG1_Hunter.png"
        },
        {
            "id": 22,
            "rarity": "Mil-spec",
            "rarity_color": "blue",
            "name": "Glock-18 | Catacombs",
            "price": "0.48",
            "price_sign": null,
            "currency": null,
            "image": "https://www.csgodatabase.com/images/skins/webp/Glock-18_Catacombs.webp",
            "local_image": "./images/Glock-18_Catacombs.png"
        },
        {
            "id": 23,
            "rarity": "Mil-spec",
            "rarity_color": "blue",
            "name": "M4A1-S | VariCamo",
            "price": "1.64",
            "price_sign": null,
            "currency": null,
            "image": "https://www.csgodatabase.com/images/skins/webp/M4A1-S_VariCamo.webp",
            "local_image": "./images/M4A1-S_VariCamo.png"
        },
        {
            "id": 24,
            "rarity": "Mil-spec",
            "rarity_color": "blue",
            "name": "MAC-10 | Oceanic",
            "price": "0.20",
            "price_sign": null,
            "currency": null,
            "image": "https://www.csgodatabase.com/images/skins/webp/MAC-10_Oceanic.webp",
            "local_image": "./images/MAC-10_Oceanic.png"
        },
        {
            "id": 25,
            "rarity": "Mil-spec",
            "rarity_color": "blue",
            "name": "MP7 | Urban Hazard",
            "price": "0.12",
            "price_sign": null,
            "currency": null,
            "image": "https://www.csgodatabase.com/images/skins/webp/MP7_Urban_Hazard.webp",
            "local_image": "./images/MP7_Urban_Hazard.png"
        },
        {
            "id": 26,
            "rarity": "Mil-spec",
            "rarity_color": "blue",
            "name": "MP9 | Deadly Poison",
            "price": "0.32",
            "price_sign": null,
            "currency": null,
            "image": "https://www.csgodatabase.com/images/skins/webp/MP9_Deadly_Poison.webp",
            "local_image": "./images/MP9_Deadly_Poison.png"
        },
        {
            "id": 28,
            "rarity": "Mil-spec",
            "rarity_color": "blue",
            "name": "Nova | Windblown",
            "price": "0.21",
            "price_sign": null,
            "currency": null,
            "image": "https://www.csgodatabase.com/images/skins/webp/Nova_Windblown.webp",
            "local_image": "./images/Nova_Windblown.png"
        },
        {
            "id": 29,
            "rarity": "Classified",
            "rarity_color": "pink",
            "name": "AK-47 | Frontside Misty",
            "price": "24.19",
            "price_sign": null,
            "currency": null,
            "image": "https://www.csgodatabase.com/images/skins/webp/AK-47_Frontside_Misty.webp",
            "local_image": "./images/AK-47_Frontside_Misty.png"
        },
        {
            "id": 30,
            "rarity": "Classified",
            "rarity_color": "pink",
            "name": "AWP | Fever Dream",
            "price": "10.39",
            "price_sign": null,
            "currency": null,
            "image": "https://www.csgodatabase.com/images/skins/webp/AWP_Fever_Dream.webp",
            "local_image": "./images/AWP_Fever_Dream.png"
        },
        {
            "id": 31,
            "rarity": "Classified",
            "rarity_color": "pink",
            "name": "Five-SeveN | Fall Hazard",
            "price": "140.24",
            "price_sign": null,
            "currency": null,
            "image": "https://www.csgodatabase.com/images/skins/webp/Five-SeveN_Fall_Hazard.webp",
            "local_image": "./images/Five-Seven_Fall_Hazard.png"
        },
        {
            "id": 32,
            "rarity": "Classified",
            "rarity_color": "pink",
            "name": "Glock-18 | Vogue",
            "price": "9.55",
            "price_sign": null,
            "currency": null,
            "image": "https://www.csgodatabase.com/images/skins/webp/Glock-18_Vogue.webp",
            "local_image": "./images/Glock-18_Vogue.png"
        },
        {
            "id": 33,
            "rarity": "Classified",
            "rarity_color": "pink",
            "name": "Glock-18 | Vogue",
            "price": "9.55",
            "price_sign": null,
            "currency": null,
            "image": "https://www.csgodatabase.com/images/skins/webp/Glock-18_Vogue.webp",
            "local_image": "./images/Glock-18_Vogue.png"
        },
        {
            "id": 34,
            "rarity": "Classified",
            "rarity_color": "pink",
            "name": "M4A1-S | Hot Rod",
            "price": "445.00",
            "price_sign": null,
            "currency": null,
            "image": "https://www.csgodatabase.com/images/skins/webp/M4A1-S_Hot_Rod.webp",
            "local_image": "./images/M4A1-S_Hot_Rod.png"
        },
        {
            "id": 35,
            "rarity": "Classified",
            "rarity_color": "pink",
            "name": "MAC-10 | Disco Tech",
            "price": "12.00",
            "price_sign": null,
            "currency": null,
            "image": "https://www.csgodatabase.com/images/skins/webp/MAC-10_Disco_Tech.webp",
            "local_image": "./images/MAC-10_Disco_Tech.png"
        },
        {
            "id": 36,
            "rarity": "Classified",
            "rarity_color": "pink",
            "name": "PP-Bizon | High Roller",
            "price": "9.27",
            "price_sign": null,
            "currency": null,
            "image": "https://www.csgodatabase.com/images/skins/webp/PP-Bizon_High_Roller.webp",
            "local_image": "./images/PP-Bizon_High_Roller.png"
        },
        {
            "id": 37,
            "rarity": "Classified",
            "rarity_color": "pink",
            "name": "Tec-9 | Decimator",
            "price": "14.90",
            "price_sign": null,
            "currency": null,
            "image": "https://www.csgodatabase.com/images/skins/webp/Tec-9_Decimator.webp",
            "local_image": "./images/Tec-9_Decimator.png"
        },
        {
            "id": 38,
            "rarity": "Classified",
            "rarity_color": "pink",
            "name": "USP-S | Cortex",
            "price": "3.79",
            "price_sign": null,
            "currency": null,
            "image": "https://www.csgodatabase.com/images/skins/webp/USP-S_Cortex.webp",
            "local_image": "./images/USP-S_Cortex.png"
        },
        {
            "id": 39,
            "rarity": "Covert",
            "rarity_color": "red",
            "name": "AWP | Wildfire",
            "price": "85.00",
            "price_sign": null,
            "currency": null,
            "image": "https://www.csgodatabase.com/images/skins/webp/AWP_Wildfire.webp",
            "local_image": "./images/AWP_Wildfire.png"
        },
        {
            "id": 40,
            "rarity": "Covert",
            "rarity_color": "red",
            "name": "AK-47 | Neon Rider",
            "price": "58.34",
            "price_sign": null,
            "currency": null,
            "image": "https://www.csgodatabase.com/images/skins/webp/AK-47_Neon_Rider.webp",
            "local_image": "./images/AK-47_Neon_Rider.png"
        },
        {
            "id": 41,
            "rarity": "Covert",
            "rarity_color": "red",
            "name": "M4A1-S | Printstream",
            "price": "191.33",
            "price_sign": null,
            "currency": null,
            "image": "https://www.csgodatabase.com/images/skins/webp/M4A1-S_Printstream.webp",
            "local_image": "./images/M4A1-S_Printstream.png"
        },
        {
            "id": 42,
            "rarity": "Covert",
            "rarity_color": "red",
            "name": "USP-S | Kill Confirmed",
            "price": "88.69",
            "price_sign": null,
            "currency": null,
            "image": "https://www.csgodatabase.com/images/skins/webp/USP-S_Kill_Confirmed.webp",
            "local_image": "./images/USP-S_Kill_Confirmed.png"
        },
        {
            "id": 43,
            "rarity": "Covert",
            "rarity_color": "red",
            "name": "P90 | Asiimov",
            "price": "40.44",
            "price_sign": null,
            "currency": null,
            "image": "https://www.csgodatabase.com/images/skins/webp/P90_Asiimov.webp",
            "local_image": "./images/P90_Asiimov.png"
        },
        {
            "id": 44,
            "rarity": "Extraordinary",
            "rarity_color": "gold",
            "name": "Karambit | ★ (Vanilla)",
            "price": "760.91",
            "price_sign": null,
            "currency": null,
            "image": "https://steamcdn-a.akamaihd.net/apps/730/icons/econ/weapons/base_weapons/weapon_knife_karambit.8b491b581a4b9c7b5298071425f2b29a39a2a12f.png",
            "local_image": "./images/weapon_knife_karambit.png"
        },
        {
            "id": 45,
            "rarity": "Extraordinary",
            "rarity_color": "gold",
            "name": "Bayonet | ★ (Vanilla)",
            "price": "474.04",
            "price_sign": null,
            "currency": null,
            "image": "https://steamcdn-a.akamaihd.net/apps/730/icons/econ/weapons/base_weapons/weapon_bayonet.515de291204d6d896724d9fbb6856fcc6054a787.png",
            "local_image": "./images/weapon_knife_bayonet.png"
        },
        {
            "id": 46,
            "rarity": "Extraordinary",
            "rarity_color": "gold",
            "name": "Butterfly Knife | ★ (Vanilla)",
            "price": "1459,07",
            "price_sign": null,
            "currency": null,
            "image": "https://steamcdn-a.akamaihd.net/apps/730/icons/econ/weapons/base_weapons/weapon_knife_butterfly.794147e84a4e9426202d45145910cbb007797ce5.png",
            "local_image": "./images/weapon_knife_butterfly.png"
        }
    ]
}